ayaka,password,ayaka@example.com,1996/5/12,1,＊デモ用アカウント＊よろしくお願いします！,aya.jpg
ryokolove,password,test@example.com,1990/10/10,0,"ほぼ毎月、旅行記を投稿中。

よろしくお願いします。",test.jpg
太郎,password,taro@example.com,2000/1/1,0,よろしくお願いします。,taro.jpg
はなこ,password,hanako@example.com,1998/9/9,1,よろしくお願いします。,hanako.jpg
test1,password,test1@example.com,1970/1/2,0,よろしくお願いします。,default.jpg
test2,password,test2@example.com,1971/2/3,1,よろしくお願いします。,default.jpg
test3,password,test3@example.com,1972/3/6,0,よろしくお願いします。,default.jpg
test4,password,test4@example.com,1973/4/7,1,よろしくお願いします。,default.jpg
test5,password,test5@example.com,1974/5/9,0,よろしくお願いします。,default.jpg
test6,password,test6@example.com,1975/6/10,1,よろしくお願いします。,default.jpg
test7,password,test7@example.com,1976/7/11,0,よろしくお願いします。,default.jpg
test8,password,test8@example.com,1977/8/12,1,よろしくお願いします。,default.jpg
test9,password,test9@example.com,1978/9/13,0,よろしくお願いします。,default.jpg
test10,password,test10@example.com,1979/10/15,1,よろしくお願いします。,default.jpg
test11,password,test11@example.com,1980/11/15,0,よろしくお願いします。,default.jpg
test12,password,test12@example.com,1981/12/17,1,よろしくお願いします。,default.jpg
test13,password,test13@example.com,1983/1/18,0,よろしくお願いします。,default.jpg
test14,password,test14@example.com,1984/2/19,1,よろしくお願いします。,default.jpg
test15,password,test15@example.com,1985/3/22,0,よろしくお願いします。,default.jpg
test16,password,test16@example.com,1986/4/23,1,よろしくお願いします。,default.jpg
test17,password,test17@example.com,1987/5/25,0,よろしくお願いします。,default.jpg
test18,password,test18@example.com,1988/6/25,1,よろしくお願いします。,default.jpg
test19,password,test19@example.com,1989/7/27,0,よろしくお願いします。,default.jpg
test20,password,test20@example.com,1990/8/28,1,よろしくお願いします。,default.jpg
